City_ID,City,Lat,Lng,Max Temp,Humidity,Cloudiness,Wind Speed,Country,Date
0,blackmans bay,-43.0167,147.3167,6.07,83,54,0.45,AU,1718136469
1,tiksi,71.6872,128.8694,0.92,87,43,0.59,RU,1718136469
2,twon-brass,4.3151,6.2418,26.61,82,100,4.49,NG,1718136469
3,boa vista,2.8197,-60.6733,31.99,55,40,2.06,BR,1718136469
4,lihue,21.9789,-159.3672,28.58,67,0,5.66,US,1718136469
5,zhosaly,45.4878,64.0781,26.92,29,65,8.43,KZ,1718136469
6,diu,20.7141,70.9822,29.14,80,100,6.28,IN,1718136469
7,fisterra,42.9049,-9.2629,14.86,75,8,10.3,ES,1718136469
8,kurchatov,51.6601,35.6521,23.23,71,7,4.35,RU,1718136341
9,sinop,41.7711,34.8709,21.56,26,0,2.92,TR,1718136469
10,klyavlino,54.2649,52.0267,18.19,80,1,1.78,RU,1718136469
11,amga,60.8953,131.9608,12.37,74,9,1.08,RU,1718136469
12,sur,22.5667,59.5289,32.36,48,0,6.38,OM,1718136470
13,ushuaia,-54.8,-68.3,-1.19,74,0,1.54,AR,1718136368
14,adamstown,-25.066,-130.1015,22.73,80,95,6.96,PN,1718136470
15,port alfred,-33.5906,26.891,17.88,53,100,0.89,ZA,1718136470
16,port-aux-francais,-49.35,70.2167,2.01,66,80,17.33,TF,1718136470
17,aswan,24.0934,32.907,36.61,11,0,1.54,EG,1718135638
18,sitka,57.0531,-135.33,10.94,76,100,4.63,US,1718136470
19,galliano,29.4422,-90.2992,32.0,65,0,6.17,US,1718136470
20,bethel,41.3712,-73.414,23.34,60,100,3.09,US,1718136414
21,touros,-5.1989,-35.4608,26.63,80,11,6.19,BR,1718136470
22,ilulissat,69.2167,-51.1,2.26,97,100,0.53,GL,1718136470
23,corfu,39.62,19.9197,25.1,83,0,0.0,GR,1718136327
24,walvis bay,-22.9575,14.5053,14.49,69,19,2.54,NA,1718136470
25,utrik,11.2278,169.8474,27.93,82,34,9.84,MH,1718136470
26,ust'-ilimsk,58.0006,102.6619,13.02,89,21,1.34,RU,1718136470
27,west island,-12.1568,96.8225,26.99,89,75,7.2,CC,1718136470
28,fale old settlement,-9.3852,-171.2468,28.8,76,100,3.91,TK,1718136471
29,ribeira grande,38.5167,-28.7,21.22,73,40,1.54,PT,1718136471
30,punta arenas,-53.15,-70.9167,2.06,93,100,2.06,CL,1718136471
31,puerto natales,-51.7236,-72.4875,0.27,94,38,0.8,CL,1718136471
32,nuevo ideal,24.8875,-105.0728,31.73,15,4,6.42,MX,1718136471
33,ancud,-41.8697,-73.8203,12.64,87,83,3.31,CL,1718136471
34,albany,42.6001,-73.9662,19.21,66,100,0.45,US,1718136469
35,al qadarif,14.0349,35.3834,24.34,72,100,11.87,SD,1718136471
36,ust-nera,64.5667,143.2,11.98,58,36,1.77,RU,1718136471
37,edinburgh of the seven seas,-37.0676,-12.3116,16.2,85,98,15.17,SH,1718136471
38,grytviken,-54.2811,-36.5092,-8.86,74,18,6.79,GS,1718136471
39,acarau,-2.8856,-40.12,27.56,77,59,5.11,BR,1718136471
40,marshall,34.3834,-86.3333,28.51,47,0,2.06,US,1718136267
41,invercargill,-46.4,168.35,2.23,84,100,3.13,NZ,1718136471
42,haiku-pauwela,20.9219,-156.3051,25.7,78,40,9.26,US,1718136471
43,mar del plata,-38.0023,-57.5575,15.61,86,0,9.39,AR,1718136301
44,rongelap,11.1635,166.8941,28.06,81,26,8.93,MH,1718136472
45,waitangi,-43.9535,-176.5597,8.79,85,0,3.58,NZ,1718136472
46,olonkinbyen,70.9221,-8.7187,-1.15,83,15,2.1,SJ,1718136472
47,seminole,28.7086,-81.2081,27.12,86,100,3.09,US,1718136472
48,bredasdorp,-34.5322,20.0403,15.59,67,0,8.11,ZA,1718136472
49,selfoss,63.9331,-20.9971,12.25,80,7,3.57,IS,1718136472
50,chiredzi,-21.05,31.6667,17.13,56,80,2.06,ZW,1718136472
51,hirara,24.8,125.2833,27.83,89,100,9.37,JP,1718136472
52,georgetown,5.4112,100.3354,28.96,79,20,1.03,MY,1718136445
53,okhotsk,59.3833,143.3,6.28,83,6,2.24,RU,1718136472
54,keflavik,64.0049,-22.5624,10.24,71,75,7.72,IS,1718136473
55,avarua,-21.2078,-159.775,23.03,64,100,3.09,CK,1718136473
56,chinde,26.8418,88.0763,20.5,80,32,2.09,NP,1718136473
57,iqaluit,63.7506,-68.5145,0.39,86,100,2.24,CA,1718136473
58,hawaiian paradise park,19.5933,-154.9731,28.35,62,0,4.63,US,1718136473
59,bilibino,68.0546,166.4372,13.69,46,24,1.77,RU,1718136473
60,aasiaat,68.7098,-52.8699,1.77,83,100,2.81,GL,1718136473
61,pacocha,-17.5833,-71.3333,19.08,68,0,4.12,PE,1718136473
62,afaahiti,-17.75,-149.2833,26.93,64,54,7.44,PF,1718136473
63,klyuchi,52.2667,79.1667,15.18,84,92,4.65,RU,1718136473
64,santa terezinha,-29.9002,-50.0904,18.34,92,54,4.38,BR,1718136473
65,tura,25.5198,90.2201,24.33,95,21,2.09,IN,1718136473
66,port mathurin,-19.6833,63.4167,24.44,67,67,9.52,MU,1718136473
67,selkirk,50.1436,-96.8845,18.38,72,91,4.92,CA,1718136473
68,anadyr,64.75,177.4833,9.28,66,0,3.0,RU,1718136474
69,naze,28.3667,129.4833,24.12,94,100,7.45,JP,1718136474
70,whitehorse,60.7161,-135.0538,15.61,39,100,0.89,CA,1718136474
71,mizhirah,16.8261,42.7333,33.91,75,0,3.09,SA,1718136474
72,mount gambier,-37.8333,140.7667,11.1,71,98,5.83,AU,1718136474
73,varberg,57.1056,12.2508,12.91,82,79,1.09,SE,1718136474
74,la passe,45.5549,-0.8967,19.13,67,99,5.67,FR,1718136474
75,lobujya,27.95,86.8167,0.04,86,84,0.44,NP,1718136474
76,lagoa,39.05,-27.9833,18.82,62,28,1.14,PT,1718136474
77,kingston,17.997,-76.7936,32.31,70,20,7.2,JM,1718136474
78,labytnangi,66.6572,66.4183,10.21,71,100,2.38,RU,1718136474
79,qaqortoq,60.7167,-46.0333,2.17,99,100,2.48,GL,1718136474
80,yellowknife,62.456,-114.3525,16.34,70,63,4.02,CA,1718136475
81,paka,4.6374,103.4368,25.93,87,16,1.07,MY,1718136475
82,jamestown,42.097,-79.2353,16.42,77,100,2.57,US,1718136475
83,muroto-misakicho,33.2833,134.15,21.58,85,100,3.67,JP,1718136475
84,uyuni,-20.4597,-66.825,9.96,19,99,3.15,BO,1718136344
85,pico truncado,-46.7949,-67.9573,7.02,79,16,5.51,AR,1718136475
86,hermanus,-34.4187,19.2345,14.87,82,3,8.82,ZA,1718136475
87,panaba,21.2833,-88.2667,32.55,58,100,0.28,MX,1718136475
88,papatowai,-46.5619,169.4708,3.09,85,99,3.53,NZ,1718136475
89,hadibu,12.65,54.0333,28.17,73,100,6.73,YE,1718136475
90,okahao,-17.885,15.0667,17.79,32,2,4.04,NA,1718136475
91,ola,59.5833,151.2833,6.75,65,93,2.4,RU,1718136475
92,portland,45.5234,-122.6762,23.03,61,40,2.57,US,1718136156
93,homer,59.6425,-151.5483,12.09,76,75,5.14,US,1718136289
94,korla,41.7597,86.1469,25.53,33,0,4.79,CN,1718136476
95,pandino,45.4071,9.5535,17.85,85,84,7.41,IT,1718136476
96,la rinconada,37.4873,-5.9826,22.47,70,0,5.14,ES,1718136476
97,roma,43.2128,-75.4557,18.1,72,100,3.09,US,1718136476
98,kidal,18.4411,1.4078,36.58,14,0,1.45,ML,1718136476
99,lompoc,34.6391,-120.4579,28.9,76,0,3.6,US,1718136476
100,tofol,5.3248,163.0078,28.88,80,55,8.28,FM,1718136476
101,port elizabeth,-33.918,25.5701,21.72,42,0,4.12,ZA,1718136190
102,san mariano,7.5,126.0,23.08,95,100,0.8,PH,1718136476
103,udachny,66.4167,112.4,16.92,45,94,4.75,RU,1718136476
104,ta`u,-14.2336,-169.5144,27.27,81,100,8.93,AS,1718136476
105,pocinhos,-7.0767,-36.0611,25.16,72,60,4.69,BR,1718136320
106,dazuocun,24.8862,118.9643,25.6,95,100,8.66,CN,1718136476
107,jaumave,23.4167,-99.3833,36.19,30,5,4.79,MX,1718136477
108,rudsar,37.1376,50.288,24.21,82,100,2.69,IR,1718136477
109,nova sintra,14.8667,-24.7167,23.97,82,34,4.89,CV,1718136477
110,amboasary,-25.0333,46.3833,18.11,89,100,4.6,MG,1718136477
111,aykhal,66.0,111.5,15.0,53,100,1.73,RU,1718136477
112,puerto ayora,-0.7393,-90.3518,28.98,94,100,0.89,EC,1718136477
113,east london,-33.0153,27.9116,21.04,31,100,5.53,ZA,1718136182
114,college,64.8569,-147.8028,19.69,69,75,2.06,US,1718136477
115,sompeta,18.9333,84.6,27.99,91,99,4.73,IN,1718136477
116,nuuk,64.1835,-51.7216,6.34,100,100,8.75,GL,1718136300
117,juan griego,11.0817,-63.9655,30.12,67,91,5.98,VE,1718136478
118,takoradi,4.8845,-1.7554,25.76,81,60,3.56,GH,1718136478
119,stanley,54.868,-1.6985,9.84,83,40,3.09,GB,1718136478
120,sao vicente,-23.9631,-46.3919,27.93,66,0,2.68,BR,1718136279
121,paracuru,-3.41,-39.0306,28.39,86,9,4.2,BR,1718136304
122,uryupinsk,50.8047,42.0138,20.32,74,20,3.62,RU,1718136478
123,pizarro,4.9533,-77.366,28.01,76,87,3.38,CO,1718136478
124,isangel,-19.55,169.2667,24.06,94,40,0.0,VU,1718136478
125,saipan,15.1355,145.701,28.39,83,40,3.6,MP,1718136478
126,altai,46.3722,96.2583,12.31,63,58,1.15,MN,1718136478
127,severoural'sk,60.1533,59.952,16.1,66,87,2.02,RU,1718136217
128,colonia,50.9333,6.95,13.13,62,0,3.6,DE,1718136478
129,cova figueira,14.8905,-24.2934,18.45,83,7,3.87,CV,1718136479
130,sao joao da barra,-21.6403,-41.0511,25.05,77,7,4.22,BR,1718136479
131,beau vallon,-20.4189,57.6953,24.01,79,73,8.14,MU,1718136479
132,serowe,-22.3833,26.7167,9.13,67,5,2.41,BW,1718136479
133,vorgashor,67.5833,63.95,5.45,69,15,3.41,RU,1718136479
134,rio grande,-32.035,-52.0986,18.06,90,100,5.12,BR,1718136348
135,kapuskasing,49.4169,-82.4331,22.52,23,81,3.09,CA,1718136479
136,thompson,55.7435,-97.8558,17.09,67,100,1.54,CA,1718136479
137,lebu,-37.6167,-73.65,12.63,93,100,8.66,CL,1718136473
138,sampang,-7.1872,113.2394,26.01,83,23,3.06,ID,1718136479
139,badger,64.8,-147.5333,19.64,66,75,2.06,US,1718136479
140,ishqoshim,36.7248,71.6133,13.79,61,11,2.13,TJ,1718136479
141,longyearbyen,78.2186,15.6401,2.91,81,75,5.66,SJ,1718136479
142,medina,24.4686,39.6142,38.24,7,0,2.57,SA,1718136480
143,harstad,68.799,16.5293,10.69,97,100,1.79,NO,1718136480
144,kone,-21.0595,164.8658,16.68,79,8,0.87,NC,1718136480
145,kuanda,56.3161,116.0806,11.95,77,100,0.99,RU,1718136480
146,fortuna,40.5982,-124.1573,21.07,66,20,7.72,US,1718136480
147,alice springs,-23.7,133.8833,7.75,81,0,3.09,AU,1718136480
148,guerrero negro,27.9769,-114.0611,21.08,61,1,8.27,MX,1718136225
149,acajutla,13.5928,-89.8275,28.51,79,100,5.16,SV,1718136227
150,luanda,-8.8368,13.2343,22.29,94,14,3.14,AO,1718136480
151,al jawf,29.5,38.75,28.62,15,0,3.63,SA,1718136480
152,vernon,50.2581,-119.2691,26.63,27,92,1.54,CA,1718136247
153,mazatlan,23.2167,-106.4167,31.98,71,20,3.09,MX,1718136230
154,opuwo,-18.0607,13.84,18.11,37,0,3.28,NA,1718136481
155,sundumbili,-29.1337,31.3975,15.88,54,92,5.64,ZA,1718136481
156,kodiak,57.79,-152.4072,7.73,93,100,2.06,US,1718136481
157,sao jose de ribamar,-2.5619,-44.0542,30.21,75,99,3.57,BR,1718136481
158,arica,-18.475,-70.3042,22.75,68,0,5.14,CL,1718136225
159,tolanaro,-25.0319,46.9987,18.31,89,100,4.65,MG,1718136481
160,guelendeng,10.9176,15.5501,29.44,55,78,2.38,TD,1718136481
161,broome,42.2506,-75.833,17.01,81,100,2.57,US,1718136481
162,rio preto da eva,-2.6994,-59.6997,29.44,81,99,1.25,BR,1718136349
163,prince rupert,54.3161,-130.3201,10.6,93,100,0.74,CA,1718136481
164,muzaffarpur,26.1167,85.4,31.8,59,0,5.6,IN,1718136481
165,dapa,9.7594,126.0531,27.6,82,90,2.27,PH,1718136482
166,salalah,17.0151,54.0924,30.05,79,40,2.57,OM,1718136482
167,ariquemes,-9.9133,-63.0408,34.39,36,6,1.15,BR,1718136004
168,enewetak,11.3474,162.3373,28.05,80,86,9.25,MH,1718136482
169,whakatane,-37.9585,176.9854,7.51,96,7,1.79,NZ,1718136482
170,torres,-29.3353,-49.7269,18.93,91,5,3.05,BR,1718136482
171,les avirons,-21.2418,55.3394,22.03,78,0,0.0,RE,1718136482
172,norak,38.3892,69.3227,22.84,46,13,4.24,TJ,1718136482
173,margaret river,-33.95,115.0667,12.42,82,0,0.26,AU,1718136482
174,magnaga,7.1694,125.8931,25.84,90,100,1.02,PH,1718136482
175,kovalam,8.3667,76.9967,28.05,83,40,1.54,IN,1718136483
176,chonchi,-42.6128,-73.8092,12.84,90,25,1.33,CL,1718136483
177,dudinka,69.4058,86.1778,9.79,89,100,5.12,RU,1718136483
178,manokwari,-0.8667,134.0833,25.77,82,100,2.43,ID,1718136483
179,hami,42.8,93.45,28.65,22,36,6.8,CN,1718136483
180,cill airne,52.05,-9.5167,10.5,78,21,2.01,IE,1718136483
181,daru,-9.0763,143.2092,25.06,89,100,8.16,PG,1718136483
182,suva,-18.1416,178.4415,21.71,100,75,1.54,FJ,1718136483
183,illizi,26.4833,8.4667,37.36,7,0,6.86,DZ,1718136483
184,kangding,30.0513,101.9603,12.98,87,96,0.81,CN,1718136483
185,puerto baquerizo moreno,-0.9,-89.6,25.55,69,20,7.72,EC,1718136483
186,st. john's,47.5649,-52.7093,21.66,56,75,5.66,CA,1718136314
187,luderitz,-26.6481,15.1594,14.68,91,100,3.69,NA,1718136484
188,sao miguel do araguaia,-13.275,-50.1628,32.35,30,12,3.41,BR,1718136484
189,tynda,55.1667,124.7167,8.78,91,28,0.48,RU,1718136484
190,maceio,-9.6658,-35.7353,25.69,88,75,4.12,BR,1718136016
191,lata,40.1629,-8.3327,17.82,82,0,1.88,PT,1718136484
192,yeniseysk,58.4497,92.1703,13.3,79,30,1.34,RU,1718136484
193,serhetabat,35.2799,62.3438,28.7,19,0,3.24,TM,1718136484
194,talnakh,69.4865,88.3972,9.56,90,100,1.55,RU,1718136362
195,argostolion,38.1811,20.489,23.04,60,0,0.0,GR,1718136251
196,san antonio de pale,-1.4014,5.6325,24.75,85,87,4.76,GQ,1718136484
197,praia da vitoria,38.7333,-27.0667,20.98,74,78,1.28,PT,1718136484
198,shakhtersk,48.0625,38.5167,20.86,56,10,2.36,UA,1718136484
199,gadzhiyevo,69.2551,33.3362,6.76,91,99,4.17,RU,1718136484
200,porto seguro,-16.4497,-39.0647,25.29,78,40,2.06,BR,1718136472
201,metlili chaamba,32.2667,3.6333,34.72,10,3,3.55,DZ,1718136485
202,rhinelander,45.6366,-89.4121,17.53,59,100,3.09,US,1718136329
203,kiunga,-6.1219,141.2906,23.39,100,100,0.34,PG,1718136485
204,kavaratti,10.5669,72.642,28.72,82,100,6.57,IN,1718136485
205,midar,34.9403,-3.5331,23.36,53,10,1.91,MA,1718136485
206,vorkuta,67.5,64.0,5.62,69,10,3.13,RU,1718136485
207,miri,4.4148,114.0089,24.71,88,83,2.08,MY,1718136485
208,grand falls-windsor,48.9332,-55.6649,19.72,80,80,0.89,CA,1718136485
209,palmer,42.1584,-72.3287,22.92,56,75,1.54,US,1718136199
210,isafjordur,66.0755,-23.124,9.53,59,76,0.37,IS,1718136485
211,santa ana,33.7456,-117.8678,29.29,74,100,2.24,US,1718136485
212,iskateley,67.6803,53.1512,6.68,90,61,3.58,RU,1718136485
213,lichinga,-13.3128,35.2406,10.15,77,1,1.97,MZ,1718136485
214,egilsstadir,65.2653,-14.3948,12.54,63,22,2.24,IS,1718136486
215,naranjo,10.0987,-84.3782,22.52,92,99,1.45,CR,1718136317
216,nyurba,63.2842,118.3319,12.46,83,50,2.08,RU,1718136486
217,myitkyina,25.3833,97.4,24.71,99,100,0.79,MM,1718136486
218,pontes e lacerda,-15.2261,-59.3353,34.49,27,47,1.38,BR,1718136468
219,golere,16.2557,-14.1017,39.52,17,13,2.13,SN,1718136486
220,kavalerovo,44.2661,135.0572,18.0,92,89,0.89,RU,1718136486
221,vilyuchinsk,52.9306,158.4028,8.85,93,100,1.64,RU,1718136486
222,castillos,-34.1667,-53.8333,13.54,83,100,3.63,UY,1718136486
223,agapovka,53.2973,59.1348,18.85,66,7,2.49,RU,1718136486
224,tari,12.4086,4.4914,27.24,69,100,1.57,NG,1718136486
225,susuman,62.7833,148.1667,9.43,52,13,1.79,RU,1718136486
226,q'vareli,41.9549,45.8172,19.56,69,42,3.65,GE,1718136486
227,serang,-6.1149,106.1502,24.55,90,90,1.35,ID,1718136358
228,tazovsky,67.4667,78.7,1.97,81,39,2.52,RU,1718136486
229,kilindoni,-7.9139,39.6668,26.23,72,48,7.18,TZ,1718136487
230,pariaman,-0.619,100.12,26.03,81,99,1.54,ID,1718136487
231,tucurui,-3.7661,-49.6725,27.42,69,100,2.2,BR,1718136487
232,turpan,42.9333,89.1667,33.21,20,86,1.22,CN,1718136487
233,ivdel',60.6911,60.4206,16.77,68,96,1.34,RU,1718136487
234,tchibanga,-2.85,11.0333,21.69,89,68,1.15,GA,1718136487
235,darlowo,54.421,16.4107,12.48,86,15,7.55,PL,1718136487
236,tahe,52.3333,124.7333,7.83,76,0,0.46,CN,1718136487
237,prado,-17.3411,-39.2208,23.04,73,18,2.67,BR,1718136339
238,tete,-16.1564,33.5867,19.18,63,15,2.3,MZ,1718136487
239,wailua homesteads,22.0669,-159.378,28.24,74,0,5.66,US,1718136487
240,hailey,43.5196,-114.3153,27.11,30,0,4.12,US,1718136349
241,talara,-4.5772,-81.2719,26.42,61,0,6.04,PE,1718136488
242,puerto leguizamo,-0.1934,-74.7819,25.8,90,85,0.09,CO,1718136488
243,weno,7.4515,151.8468,27.97,83,75,3.6,FM,1718136488
244,posse,-14.0931,-46.3694,28.33,29,13,2.92,BR,1718136194
245,tchollire,8.4022,14.1698,22.78,93,97,1.3,CM,1718136430
246,concordia,-31.393,-58.0209,25.44,75,0,4.63,AR,1718136488
247,saint-pierre,-21.3393,55.4781,22.82,78,0,0.0,RE,1718136488
248,habo,57.9119,14.0744,12.46,87,0,3.09,SE,1718136488
249,tabou,4.423,-7.3528,26.28,81,100,3.74,CI,1718136488
250,east ballina,-28.8667,153.5833,14.68,60,100,5.92,AU,1718136488
251,dolores,-36.3132,-57.6792,13.38,73,100,5.33,AR,1718135905
252,new plymouth,-39.0667,174.0833,9.89,100,43,2.7,NZ,1718136488
253,bima,-8.4667,118.7167,21.59,96,33,1.6,ID,1718136458
254,qandala,11.472,49.8728,34.22,49,99,2.78,SO,1718136488
255,shahr-e babak,30.1165,55.1186,26.51,17,70,5.86,IR,1718136488
256,abadan,30.3392,48.3043,37.67,9,0,5.09,IR,1718136489
257,alofi,-19.0595,-169.9187,22.94,94,75,4.12,NU,1718136489
258,yelizovo,53.1873,158.3805,8.78,87,100,1.0,RU,1718136489
259,hithadhoo,-0.6,73.0833,28.37,74,84,3.06,MV,1718136489
260,mityana,0.4175,32.0228,17.42,93,38,0.95,UG,1718136489
261,bataipora,-22.2953,-53.2711,29.59,31,0,1.55,BR,1718136489
262,patong,7.8961,98.2966,29.08,78,100,6.02,TH,1718136489
263,okha,53.5739,142.9478,6.25,95,100,4.02,RU,1718136293
264,olds,51.7834,-114.102,23.46,44,3,5.47,CA,1718136489
265,urangan,-25.3,152.9,14.0,91,3,2.68,AU,1718136489
266,kloulklubed,7.0419,134.2556,26.28,78,100,2.54,PW,1718136489
267,sayat,38.7839,63.8803,34.23,18,13,5.91,TM,1718136489
268,kingscliff,-28.2667,153.5667,13.2,93,100,1.54,AU,1718136490
269,wenling,28.3669,121.36,22.74,99,100,1.16,CN,1718136490
270,flin flon,54.7682,-101.865,11.91,87,100,1.03,CA,1718136204
271,la'ie,21.6477,-157.9253,28.98,75,56,2.24,US,1718136490
272,hankasalmi,62.3833,26.4333,12.17,78,96,2.29,FI,1718136490
273,sandnessjoen,66.0217,12.6316,9.29,87,75,3.6,NO,1718136490
274,kruisfontein,-34.0033,24.7314,20.49,26,83,11.34,ZA,1718136490
275,castelo do piaui,-5.3222,-41.5525,31.94,39,75,2.18,BR,1718136303
276,mangrol,21.1167,70.1167,29.01,78,0,6.09,IN,1718136490
277,shimoda,34.6667,138.95,18.95,86,100,2.46,JP,1718136490
278,taounate,34.5,-4.8333,22.59,54,1,2.76,MA,1718136490
279,la ronge,55.1001,-105.2842,10.84,83,100,3.31,CA,1718136490
280,nuku'alofa,-21.1333,-175.2,24.19,83,75,9.08,TO,1718136490
281,nouadhibou,20.931,-17.0347,21.99,68,10,6.69,MR,1718136490
282,pisco,-13.7,-76.2167,19.03,77,100,4.12,PE,1718136491
283,raja,8.4596,25.678,23.35,79,93,0.94,SS,1718136491
284,obock,12.25,43.0833,29.33,38,11,5.98,DJ,1718136242
285,duque de caxias,-22.7856,-43.3117,29.08,49,0,3.6,BR,1718136286
286,rosa zarate,0.3333,-79.4667,27.96,75,84,2.69,EC,1718136491
287,tralee,52.2704,-9.7026,10.53,77,37,2.12,IE,1718136491
288,belmonte,-15.8631,-38.8828,23.76,75,5,2.78,BR,1718136491
289,beya,53.0533,90.9139,13.33,86,99,0.92,RU,1718136250
290,saint-philippe,-21.3585,55.7679,22.77,88,100,6.05,RE,1718136491
291,camarinas,43.1311,-9.1817,14.96,77,9,8.78,ES,1718136491
292,igarka,67.4667,86.5833,11.68,88,100,5.36,RU,1718136491
293,mombetsu,44.3525,143.3525,14.15,96,100,1.14,JP,1718136250
294,chuguyevka,44.1653,133.8633,14.55,96,100,1.68,RU,1718136491
295,merke,42.8728,73.1786,22.84,48,100,4.32,KZ,1718136492
296,mossendjo,-2.9506,12.7261,21.86,76,25,0.23,CG,1718136430
297,ulety,51.3572,112.4849,8.97,96,63,1.86,RU,1718136492
298,kirakira,-10.4544,161.9205,25.71,87,92,2.35,SB,1718136492
299,nuzvid,16.7833,80.85,28.1,75,49,5.61,IN,1718136492
300,fort bragg,35.139,-79.006,30.51,44,40,2.57,US,1718136492
301,atbasar,51.8,68.3333,14.7,80,0,3.73,KZ,1718136492
302,new norfolk,-42.7826,147.0587,6.72,87,63,2.22,AU,1718136492
303,tannum sands,-23.9504,151.3693,14.3,87,0,3.6,AU,1718136492
304,beytussebap,37.5694,43.1681,14.85,51,1,2.34,TR,1718136492
305,cururupu,-1.8283,-44.8683,26.58,84,64,1.75,BR,1718136492
306,abong mbang,3.9833,13.1833,20.67,97,86,1.74,CM,1718136492
307,severo-yeniseyskiy,60.3725,93.0408,11.99,81,33,0.45,RU,1718136492
308,amurzet,47.6967,131.0981,11.86,92,100,4.35,RU,1718136493
309,shuangcheng,45.35,126.2833,16.43,94,13,3.02,CN,1718136493
310,korsakov,46.6328,142.7813,12.91,95,100,2.12,RU,1718136493
311,inhambane,-23.865,35.3833,20.4,67,82,2.91,MZ,1718136339
312,iquique,-20.2208,-70.1431,18.02,74,88,2.71,CL,1718136341
313,uturoa,-16.7333,-151.4333,25.71,70,39,9.69,PF,1718136493
314,papao,-17.75,-149.55,27.82,66,47,8.57,PF,1718136493
315,preobrazheniye,42.9019,133.9064,14.85,98,92,2.3,RU,1718136493
316,jayapura,-2.5333,140.7,24.66,94,100,2.16,ID,1718136456
317,bure,10.7,37.0667,16.79,84,99,0.88,ET,1718136493
318,bonab,37.3404,46.0561,18.8,59,34,2.82,IR,1718136493
319,kyshtovka,56.555,76.6271,15.19,85,100,3.58,RU,1718136493
320,chernyshevsk,52.5243,117.0174,12.58,68,100,2.53,RU,1718136355
321,monchique,37.3177,-8.5553,14.38,77,100,2.98,PT,1718136494
322,antalaha,-14.9003,50.2788,21.51,94,100,2.75,MG,1718136494
323,stephenville,32.2207,-98.2023,25.14,91,40,3.09,US,1718136494
324,lampazos de naranjo,27.0167,-100.5167,39.78,23,0,3.14,MX,1718136494
325,gdov,58.7406,27.8122,15.37,65,91,0.93,RU,1718136494
326,xinzhi,36.4989,111.7047,24.46,41,3,0.72,CN,1718136494
327,dalnegorsk,44.5604,135.5701,14.06,89,94,0.69,RU,1718136494
328,makarov,48.6333,142.8,8.93,99,100,1.18,RU,1718136494
329,al-hamdaniya,36.2715,43.3737,32.56,17,0,4.6,IQ,1718136494
330,nova vicosa,-17.8919,-39.3719,23.7,73,6,2.74,BR,1718136434
331,atafu village,-8.5421,-172.5159,28.26,77,83,3.47,TK,1718136494
332,hamilton,39.1834,-84.5333,25.97,41,40,3.09,US,1718136238
333,agadez,19.75,10.25,34.88,12,0,4.68,NE,1718136494
334,gondar,12.6,37.4667,16.72,83,100,1.3,ET,1718136494
335,karliova,39.2983,41.0142,10.3,67,0,2.39,TR,1718136494
336,qarazhal,48.0078,70.7903,17.51,56,0,2.8,KZ,1718136494
337,kupang,-10.1667,123.5833,25.32,94,9,2.57,ID,1718136461
338,awjilah,29.1081,21.2869,33.25,12,0,3.81,LY,1718136495
339,winnemucca,40.973,-117.7357,34.03,14,0,5.14,US,1718136495
340,irece,-11.3042,-41.8558,27.27,34,59,6.01,BR,1718136495
341,morehead city,34.7229,-76.726,29.0,53,0,4.02,US,1718136232
342,oranjemund,-28.55,16.4333,14.49,95,76,1.83,NA,1718136495
343,mohr,54.3528,9.7167,11.75,89,75,3.6,DE,1718136495
344,xai-xai,-25.0519,33.6442,17.6,82,0,1.2,MZ,1718136495
345,kidodi,-7.6036,37.0044,20.06,65,68,1.82,TZ,1718136495
346,laguna,38.421,-121.4238,38.08,35,0,5.14,US,1718136495
347,ubari,26.5921,12.7805,35.77,10,0,3.51,LY,1718136495
348,pathein,16.7833,94.7333,25.18,94,100,5.67,MM,1718136495
349,south venice,27.0531,-82.4243,27.02,94,97,0.45,US,1718136495
350,popondetta,-8.7537,148.2534,22.98,96,35,1.28,PG,1718136496
351,pacific grove,36.6177,-121.9166,30.36,74,0,3.13,US,1718136496
352,uliastay,47.7417,96.8444,11.23,72,76,1.7,MN,1718136496
353,axim,4.8699,-2.2405,25.56,83,72,3.24,GH,1718136496
354,capayan,-28.761,-66.0502,26.0,43,100,2.78,AR,1718136496
355,kimberley,-28.7323,24.7623,9.83,87,57,5.14,ZA,1718136308
356,mata-utu,-13.2816,-176.1745,27.43,77,35,4.91,WF,1718136496
357,amahai,-3.3333,128.9167,24.67,89,99,0.84,ID,1718136489
358,codrington,-38.2667,141.9667,11.18,71,96,9.94,AU,1718136496
359,hedaru,-4.5,37.9,18.4,73,6,2.13,TZ,1718136496
360,harper,4.375,-7.7169,26.36,81,100,4.16,LR,1718136496
361,villazon,-22.0866,-65.5942,16.89,6,8,0.99,BO,1718136496
362,nantucket,41.2835,-70.0995,21.72,77,0,5.14,US,1718136496
363,puerto deseado,-47.7503,-65.8938,8.56,89,96,2.65,AR,1718136496
364,happy valley-goose bay,53.3168,-60.3315,11.17,82,75,2.57,CA,1718136317
365,constantia,44.1833,28.65,22.38,75,71,2.91,RO,1718136223
366,ladario,-19.0047,-57.6017,36.05,38,1,4.63,BR,1718136235
367,filadelfia,39.9523,-75.1638,23.42,57,75,3.6,US,1718136308
368,port lincoln,-34.7333,135.8667,14.04,91,54,2.9,AU,1718136497
369,porangatu,-13.4408,-49.1486,33.02,28,26,2.47,BR,1718136468
370,hasaki,35.7333,140.8333,19.22,88,100,3.93,JP,1718136497
371,aleksandrovsk-sakhalinskiy,50.8975,142.1561,9.76,96,100,2.64,RU,1718136497
372,clinton,42.587,-82.9199,24.33,50,75,3.6,US,1718136273
373,nizhneangarsk,55.7833,109.55,6.67,92,96,2.24,RU,1718136497
374,shelbyville,35.4834,-86.4603,26.1,43,0,4.12,US,1718136497
375,alva,56.1528,-3.8051,11.44,71,98,2.0,GB,1718136497
376,hotan,37.0997,79.9269,25.74,26,100,2.8,CN,1718136497
377,saldanha,-33.0117,17.9442,15.4,83,53,8.28,ZA,1718136497
378,koungheul,13.9833,-14.8,38.4,20,5,3.19,SN,1718136497
379,akureyri,65.6835,-18.0878,14.78,47,65,2.14,IS,1718136497
380,cannonvale,-20.2833,148.7,18.66,76,1,1.98,AU,1718136497
381,puerto ayacucho,5.6639,-67.6236,30.38,72,89,0.61,VE,1718136497
382,mahanoro,-19.9,48.8,20.52,88,68,4.16,MG,1718136498
383,port macquarie,-31.4333,152.9167,12.23,71,86,3.14,AU,1718136498
384,tual,-5.6667,132.75,26.66,82,100,8.98,ID,1718136431
385,karangampel,-6.4622,108.4519,26.15,84,31,2.38,ID,1718136498
386,tongchuanshi,35.0806,109.0897,23.38,40,48,2.04,CN,1718136498
387,manacapuru,-3.2997,-60.6206,29.62,74,100,0.54,BR,1718136498
388,borkum,53.5809,6.6915,12.19,71,100,8.35,DE,1718136498
389,kununurra,-15.7667,128.7333,12.99,94,39,0.0,AU,1718136320
390,howrah,22.5892,88.3103,30.0,89,40,5.14,IN,1718136498
391,greymouth,-42.4667,171.2,3.88,88,36,2.3,NZ,1718136498
392,buala,-8.145,159.5921,27.13,82,98,2.5,SB,1718136498
393,borogontsy,62.6683,131.1683,13.4,72,40,0.28,RU,1718136498
394,kismayo,-0.3582,42.5454,25.88,79,70,7.28,SO,1718136498
395,mili,6.0815,171.735,28.0,81,35,5.23,MH,1718136499
396,miguel calmon,-11.4289,-40.595,23.99,62,94,2.57,BR,1718136265
397,arafat,21.3594,39.9664,33.59,19,6,2.67,SA,1718136499
398,merritt island,28.5392,-80.672,27.05,93,100,4.12,US,1718136499
399,masterton,-40.9597,175.6575,6.6,82,90,0.61,NZ,1718136499
400,saint-pierre-des-corps,47.3833,0.7333,15.36,51,0,2.57,FR,1718136499
401,tarfaya,27.9358,-12.9218,19.91,78,0,7.98,MA,1718136499
402,jamaame,0.0697,42.745,24.5,82,73,4.68,SO,1718136499
403,gallup,35.5281,-108.7426,29.42,17,0,4.12,US,1718136499
404,coquimbo,-29.9533,-71.3436,14.99,74,100,6.17,CL,1718136234
405,lake albert,-35.1667,147.3833,9.36,93,13,0.89,AU,1718136499
406,kabompo,-13.5927,24.2008,12.99,45,0,3.05,ZM,1718136499
407,ballina,-28.8667,153.5667,14.68,60,100,5.92,AU,1718136499
408,krasnogvardeyskoye,45.8456,41.5186,21.5,69,42,2.37,RU,1718136499
409,rodolfo sanchez taboada,31.7167,-116.5667,20.06,72,0,1.34,MX,1718136499
410,labuan,5.2767,115.2417,28.27,75,78,1.98,MY,1718136500
411,holualoa,19.6228,-155.9522,26.97,73,20,3.6,US,1718136500
412,pesqueria,25.7833,-100.05,39.65,30,0,2.06,MX,1718136500
413,magadan,59.5667,150.8,6.41,65,99,3.13,RU,1718136500
414,tamiahua,21.2667,-97.45,33.19,53,21,6.45,MX,1718136500
415,carnarvon,-24.8667,113.6333,19.09,89,100,4.78,AU,1718136499
416,tadine,-21.55,167.8833,20.49,73,0,4.58,NC,1718136500
417,boende,-0.2167,20.8667,26.26,56,100,1.03,CD,1718136500
418,sechelt,49.4664,-123.7694,18.5,67,75,4.84,CA,1718136500
419,yuzhno-kurilsk,44.0306,145.8556,11.88,99,98,1.67,RU,1718136500
420,queenstown,-31.8976,26.8753,11.71,30,100,4.87,ZA,1718136500
421,tocopilla,-22.092,-70.1979,20.88,70,17,3.53,CL,1718136113
422,ploneour-lanvern,47.9,-4.2833,14.18,58,0,4.12,FR,1718136500
423,polyarnyy,69.1989,33.4478,6.65,93,95,4.04,RU,1718136500
424,arraial do cabo,-22.9661,-42.0278,24.92,69,0,1.54,BR,1718136501
425,novyy urengoy,66.0833,76.6333,6.61,82,5,2.08,RU,1718136501
426,hilo,19.7297,-155.09,31.27,66,0,4.63,US,1718136227
427,paulden,34.8856,-112.4682,37.44,10,3,2.68,US,1718136501
428,nar'yan-mar,67.6713,53.087,6.73,90,66,3.58,RU,1718136501
429,petropavlovsk-kamchatsky,53.0452,158.6483,8.03,90,100,4.47,RU,1718136501
430,northam,51.0333,-4.2167,13.12,69,77,4.74,GB,1718136501
431,san andres,12.5847,-81.7006,31.01,74,20,2.57,CO,1718136242
432,mandalgovi,45.7625,106.2708,16.24,62,97,3.53,MN,1718136501
433,yantarnyy,54.8717,19.9381,12.92,84,10,8.22,RU,1718136501
434,quellon,-43.1167,-73.6167,11.71,89,26,3.18,CL,1718136501
435,igrim,63.1906,64.4162,15.1,65,100,2.03,RU,1718136501
436,inongo,-1.95,18.2667,23.2,55,87,0.92,CD,1718136501
437,mejit,10.2753,170.8646,27.68,83,33,9.25,MH,1718136501
438,newman,37.3138,-121.0208,35.69,15,0,3.24,US,1718136502
439,gurupi,-11.7292,-49.0686,33.31,30,13,2.2,BR,1718136324
440,turtas,58.9417,69.1325,13.73,76,31,1.55,RU,1718136502
441,klaksvik,62.2266,-6.589,7.51,81,100,7.87,FO,1718136502
442,novyy urgal,51.0736,132.5642,10.5,93,100,1.88,RU,1718136502
443,bor,56.3567,44.0669,23.96,87,100,3.82,RU,1718136502
444,mount isa,-20.7333,139.5,8.87,66,0,0.0,AU,1718136502
445,howard springs,-12.497,131.047,18.95,91,56,1.8,AU,1718136502
446,pandan,14.0453,124.1694,27.13,86,58,1.64,PH,1718136502
447,wulingyuan,29.3494,110.5441,20.03,98,83,1.35,CN,1718136502
448,berdigestyakh,62.0989,126.6992,12.33,68,18,1.64,RU,1718136502
449,bikenibeu village,1.3673,173.1241,28.98,84,40,3.6,KI,1718136502
450,sinabang,2.4803,96.3801,26.29,83,100,0.79,ID,1718136502
451,andalgala,-27.5819,-66.3165,24.55,26,3,3.02,AR,1718136502
452,nadi,-17.8,177.4167,23.0,78,40,2.06,FJ,1718136503
453,salinopolis,-0.6136,-47.3561,27.77,81,89,4.74,BR,1718136353
454,amble,55.3333,-1.5833,10.08,81,100,4.12,GB,1718136503
455,dryden,49.7833,-92.7503,15.16,88,100,3.6,CA,1718136379
456,nazyvayevsk,55.5698,71.3529,13.69,85,100,5.9,RU,1718136503
457,hammerfest,70.6634,23.6821,10.25,81,75,5.66,NO,1718136503
458,tindouf,27.6711,-8.1474,24.45,31,41,10.58,DZ,1718136503
459,kutum,14.2,24.6667,26.5,47,73,1.02,SD,1718136503
460,lautoka,-17.6167,177.4667,22.92,78,40,2.06,FJ,1718136263
461,sastobe,42.55,70.0,22.94,42,23,3.86,KZ,1718136503
462,patterson,37.4716,-121.1297,33.86,16,1,3.87,US,1718136503
463,thunder bay,48.4001,-89.3168,12.99,62,100,2.06,CA,1718136380
464,barcelos,41.5388,-8.6151,18.08,75,0,3.66,PT,1718136307
465,forster,-32.1667,152.5167,9.05,93,80,4.79,AU,1718136503
466,chitipa,-9.7024,33.2697,12.38,92,98,2.41,MW,1718136504
467,chibougamau,49.9168,-74.3659,21.23,44,33,0.85,CA,1718136504
468,bull savanna,17.8868,-77.5902,28.19,74,21,9.91,JM,1718136504
469,manado,1.487,124.8455,24.43,100,20,1.03,ID,1718136395
470,lodja,-3.4833,23.4333,26.25,47,100,0.72,CD,1718136504
471,gaoual,11.75,-13.2,22.88,95,100,3.84,GN,1718136504
472,palangkaraya,-2.2,113.8333,23.24,99,36,0.91,ID,1718136431
473,chai buri,8.4622,99.0763,24.44,96,95,0.72,TH,1718136504
474,timimoun,29.2639,0.231,37.74,9,43,4.94,DZ,1718136504
475,kolonia town,6.964,158.206,28.0,89,100,2.06,FM,1718136504
476,viljandi,58.3639,25.59,11.24,86,100,1.98,EE,1718136504
477,kenai,60.5544,-151.2583,11.12,88,100,5.14,US,1718136504
478,huruta,8.15,39.35,18.51,67,41,1.75,ET,1718136504
479,mildura,-34.2,142.15,10.6,89,1,5.08,AU,1718136505
480,luorong,24.4058,109.6086,24.85,95,100,0.88,CN,1718136505
481,angaur state,6.906,134.13,27.53,78,100,1.89,PW,1718136505
482,goseong,34.9763,128.3236,20.02,91,5,0.91,KR,1718136505
483,toyooka,35.5333,134.8333,18.43,97,100,2.68,JP,1718136250
484,spring creek,40.7266,-115.5859,29.9,21,6,2.24,US,1718136505
485,nguigmi,14.2495,13.1092,29.12,52,12,2.98,NE,1718136505
486,kailua-kona,19.6406,-155.9956,29.04,70,20,3.6,US,1718136505
487,jawf al maqbabah,13.8378,45.8349,28.91,61,7,1.04,YE,1718136505
488,pervomayskoye,43.919,46.7102,22.17,74,20,0.72,RU,1718136505
489,piti village,13.4626,144.6933,28.03,93,75,2.06,GU,1718136505
490,swift current,50.2834,-107.8014,23.45,46,0,6.17,CA,1718136397
491,kem',64.9555,34.5793,10.86,81,45,3.14,RU,1718136505
492,coahuayana de hidalgo,18.7,-103.6583,31.89,57,100,3.56,MX,1718136505
493,whangarei,-35.7317,174.3239,8.15,84,57,0.8,NZ,1718136506
494,nikol'sk,53.7189,46.0712,20.41,73,0,4.67,RU,1718136294
495,mount pearl,47.5166,-52.7813,21.19,56,75,5.66,CA,1718136393
496,mirabad,30.4362,61.8383,33.88,11,0,6.0,AF,1718136506
497,manzhouli,49.6,117.4333,14.8,71,100,1.51,CN,1718136506
498,sittwe,20.15,92.9,26.96,87,100,3.59,MM,1718136506
499,labasa,-16.4167,179.3833,24.82,87,99,3.02,FJ,1718136506
500,brokopondo,4.75,-55.1667,24.97,93,100,5.54,SR,1718136506
501,lorengau,-2.0226,147.2712,27.46,79,100,1.53,PG,1718136506
502,chemin grenier,-20.4872,57.4656,21.42,82,95,6.84,MU,1718136506
503,andergrove,-21.0833,149.1833,12.03,70,0,2.34,AU,1718136506
504,jeju city,33.5097,126.5219,21.35,81,99,1.45,KR,1718136444
505,santa rosa misiones,-26.8667,-56.85,25.67,66,0,2.22,PY,1718136506
506,khabarovsk,48.4808,135.0928,9.89,66,40,8.0,RU,1718136507
507,dawei,14.0833,98.2,26.23,91,100,3.49,MM,1718136507
508,saint-julien-les-villas,48.2667,4.1,12.98,82,0,2.57,FR,1718136507
509,peace river,56.2501,-117.286,19.17,48,100,5.14,CA,1718136303
510,novodvinsk,64.4165,40.8122,14.88,91,5,0.73,RU,1718136285
511,terbanggi besar,-4.8667,105.2333,23.66,94,51,1.55,ID,1718136507
512,springs,-26.25,28.4,7.59,36,12,1.32,ZA,1718136507
513,ar rutbah,33.0381,40.2848,29.0,22,0,2.64,IQ,1718136507
514,usinsk,65.9939,57.5281,13.93,64,96,3.13,RU,1718136507
515,nagqu,31.5,92.0,6.06,77,100,4.32,CN,1718136507
516,saint-francois,46.4154,3.9054,13.69,67,0,2.57,FR,1718136507
517,taltal,-25.4,-70.4833,18.23,69,31,2.25,CL,1718136020
518,claiborne,32.516,-92.1918,31.84,37,0,5.14,US,1718136507
519,newtown,-33.8984,151.1775,15.08,74,40,1.03,AU,1718136508
520,tangalle,6.024,80.7911,26.32,89,98,5.87,LK,1718136508
521,el bayadh,33.6832,1.0193,20.49,45,71,9.62,DZ,1718136508
522,santa rosalia,27.3167,-112.2833,31.5,25,0,2.62,MX,1718136508
523,linghai,41.1653,121.3667,17.86,93,54,1.3,CN,1718136508
524,castlebar,53.85,-9.3,10.18,80,100,2.37,IE,1718136508
525,kasongo-lunda,-6.4667,16.8167,21.07,36,61,0.36,CD,1718136508
526,san julian,21.0167,-102.1667,32.0,17,31,4.7,MX,1718136508
527,battle,50.9173,0.4842,12.49,82,100,2.3,GB,1718136508
528,tromso,69.6496,18.957,11.01,87,75,3.09,NO,1718136508
529,laojunmiao,39.8333,97.7333,20.05,24,98,3.26,CN,1718136508
530,murzuq,25.9155,13.9184,34.7,11,0,2.7,LY,1718136508
531,alesund,62.4723,6.1549,10.51,77,75,5.14,NO,1718136509
532,chadron,42.8294,-102.9999,28.87,35,20,4.12,US,1718136509
533,micheweni,-4.9667,39.8333,25.42,74,9,7.01,TZ,1718136509
534,revelstoke,50.9832,-118.2023,16.01,77,75,1.54,CA,1718136509
535,valparaiso,-33.0393,-71.6273,15.8,70,75,1.03,CL,1718136492
536,sisimiut,66.9395,-53.6735,4.53,98,100,1.16,GL,1718136509
537,geraldton,-28.7667,114.6,16.23,88,100,4.12,AU,1718136509
538,zayed city,24.3768,54.589,35.0,58,0,5.14,AE,1718136510
539,rakops,-21.0167,24.3333,13.3,36,7,2.71,BW,1718136510
540,merizo village,13.2658,144.6691,27.85,95,100,3.7,GU,1718136510
541,beyneu,45.3167,55.2,28.17,33,100,10.78,KZ,1718136510
542,la spezia,44.1105,9.8434,21.03,78,100,0.45,IT,1718136510
543,gwadar,25.1216,62.3254,28.94,86,0,4.46,PK,1718136510
544,san patricio,28.017,-97.5169,37.52,36,8,7.37,US,1718136510
545,at taj,24.2049,23.2857,30.44,14,0,3.57,LY,1718136510
546,labrador city,52.9463,-66.9114,18.73,19,3,1.71,CA,1718136510
547,quinzano d'oglio,45.3109,10.0086,18.01,92,48,6.14,IT,1718136510
548,vrangel',42.7297,133.0839,13.95,100,100,1.73,RU,1718136511
549,abay,49.6311,72.8539,9.21,83,1,3.2,KZ,1718136511
550,tres barras,-26.1064,-50.3222,21.06,69,5,1.0,BR,1718136511
551,qianzhou,28.3167,109.7167,22.28,94,84,1.0,CN,1718136511
552,baiyin,36.5583,104.2081,20.29,35,100,2.24,CN,1718136511
553,malango,-2.9627,119.9001,19.15,97,88,0.77,ID,1718136511
554,sabang,5.8933,95.3214,29.47,76,87,10.32,ID,1718136511
555,diego de almagro,-26.3667,-70.05,25.85,16,0,2.98,CL,1718136511
556,guankou,28.15,113.6333,23.71,97,11,0.27,CN,1718136511
557,bel ombre,-4.6167,55.4167,27.48,80,95,3.66,SC,1718136511
558,cedeira,43.6797,-8.0209,15.54,72,64,6.73,ES,1718136511
559,gagarin,55.5529,34.9954,16.27,98,75,2.58,RU,1718136511
560,cabedelo,-6.9811,-34.8339,27.37,84,10,5.91,BR,1718136511
561,johnstown,40.3267,-78.922,21.47,53,0,1.54,US,1718136410
562,tsiombe,-25.3,45.4833,19.34,72,90,6.43,MG,1718136512
563,talodi,10.6325,30.3797,25.68,69,98,0.83,SD,1718136512
564,hubynykha,48.8108,35.2547,21.56,61,21,3.42,UA,1718136512
565,tirano,46.2154,10.1679,18.29,89,98,1.46,IT,1718136512
566,yass,-34.8333,148.9167,9.34,90,100,3.13,AU,1718136512
567,severobaykal'sk,55.65,109.3167,6.95,94,87,0.24,RU,1718136512
568,kindu,-2.95,25.95,25.38,55,94,0.36,CD,1718136512
